{"cameraMode":{"drawMode":0,"name":"Shaded","section":"Shading Mode"},"sceneLighting":true,"audioPlay":false,"sceneViewState":{"m_AlwaysRefresh":false,"showFog":true,"showSkybox":true,"showFlares":true,"showImageEffects":true,"showParticleSystems":true,"showVisualEffectGraphs":true,"m_FxEnabled":true},"in2DMode":false,"pivot":{"x":-0.16512899100780488,"y":-0.07130594551563263,"z":0.6515079736709595},"rotation":{"x":-0.2128865271806717,"y":0.781678318977356,"z":-0.3561519980430603,"w":-0.46589282155036929},"size":6.607396125793457,"orthographic":false}